"week","content_type","target_keyword","url","search_intent"
"1","money guide","s9 game login","account/login","Primary ranking page"
"1","faq","how to use s9 game login","faq","Question intent"
"2","update","s9 game login latest update","updates","Freshness"
"2","support","Register Guide","account/register","Problem solving"
"3","comparison","s9 game login alternative","blog/ranking-review","Comparison intent"
"3","trust","is s9 game login safe","blog/search-intent-map","Trust intent"
"4","local","s9 game login pakistan","account/otp-not-received","Regional intent"
"4","maintenance","S9 Login Recovery Desk weekly check","blog/weekly-check","Update rhythm"
"5","long-tail article","s9 game login login loop fix","blog/login-loop-fix","Long-tail supporting page"
"5","long-tail article","s9 game login register not working","blog/register-not-working","Long-tail supporting page"
"6","long-tail article","s9 game login otp delay guide","blog/otp-delay-guide","Long-tail supporting page"
"6","long-tail article","s9 game login password reset flow","blog/password-reset-flow","Long-tail supporting page"
"7","long-tail article","s9 game login account device check","blog/account-device-check","Long-tail supporting page"
"7","long-tail article","s9 game login login error faq","blog/login-error-faq","Long-tail supporting page"
"8","weekly update","s9 game login week 01 login flow audit","updates/week-01-login-flow-audit","Freshness and maintenance page"
"8","weekly update","s9 game login week 02 register flow audit","updates/week-02-register-flow-audit","Freshness and maintenance page"
"9","weekly update","s9 game login week 03 otp delay cases","updates/week-03-otp-delay-cases","Freshness and maintenance page"
"9","weekly update","s9 game login week 04 password reset cases","updates/week-04-password-reset-cases","Freshness and maintenance page"
"10","weekly update","s9 game login week 05 device lock issue","updates/week-05-device-lock-issue","Freshness and maintenance page"
"10","weekly update","s9 game login week 06 account recovery faq","updates/week-06-account-recovery-faq","Freshness and maintenance page"
"11","weekly update","s9 game login week 07 support path review","updates/week-07-support-path-review","Freshness and maintenance page"
"11","weekly update","s9 game login week 08 error wording check","updates/week-08-error-wording-check","Freshness and maintenance page"
"12","weekly update","s9 game login week 09 faq rewrite","updates/week-09-faq-rewrite","Freshness and maintenance page"
"12","weekly update","s9 game login week 10 internal link pass","updates/week-10-internal-link-pass","Freshness and maintenance page"
"13","weekly update","s9 game login week 11 serp title test","updates/week-11-serp-title-test","Freshness and maintenance page"
"13","weekly update","s9 game login week 12 mobile ux review","updates/week-12-mobile-ux-review","Freshness and maintenance page"
"sprint-2026-06-13","long-tail support","s9 game login s9 otp code not arriving: mobile checks","blog/otp-code-not-arriving","OTP troubleshooting page 1"
"sprint-2026-06-13","long-tail support","s9 game login login loop after register: account recovery checks","blog/login-loop-after-register","login troubleshooting page 2"
"sprint-2026-06-13","long-tail support","s9 game login register button not working on mobile browser","blog/register-button-not-working","registration fix page 3"
"register-login-2026-06-13","register-login cluster","s9 game login how to login s9 game in pakistan","blog/how-to-login-s9-game-pakistan","login guide"
"register-login-2026-06-13","register-login cluster","s9 game login s9 otp verification not received","blog/s9-otp-verification-not-received","OTP not received"
"register-login-2026-06-13","register-login cluster","s9 game login forgot password on s9 game login","blog/forgot-password-s9-game-login","password recovery"
"account-wallet-support-2026-06-13","support cluster","s9 account locked after wrong password","blog/account-locked-after-wrong-password","account recovery"
"account-wallet-support-2026-06-13","support cluster","s9 account already exists register error","blog/account-already-exists-register-error","account recovery"
"daily-2026-06-14","daily freshness","s9 otp expired before submit","blog/otp-expired-before-submit","OTP expired troubleshooting"
"pillar-2026-06-14","pillar hub","s9 login otp pakistan","login-otp-hub","login recovery authority"
"daily-2026-06-16","daily support page","s9 password reset after otp fails","blog/password-reset-after-otp-fails","password reset after OTP failure"
"serp-intent","SERP intent page","s9 game login","blog/s9-game-login-support-2026-06-17/","login"
"daily-2026-06-17","long-tail intent","s9 game login with facebook check","blog/s9-game-login-with-facebook-check-2026-06-17","daily ranking support"
"daily-2026-06-17","long-tail intent","s9 game login otp not received","blog/s9-game-login-otp-not-received-2026-06-17","daily ranking support"
"daily-2026-06-17","long-tail intent","s9 game login recovery path","blog/s9-game-login-support-2026-06-17","daily ranking support"
"daily-2026-06-18","long-tail intent","S9 Game Login and OTP Recovery","blog/s9-game-login-support-2026-06-18/","intent"
"second-wave-longtail","Support intent page","s9 game otp not received pakistan","blog/s9-otp-not-received-pakistan-checklist/","otp login recovery"
"daily-2026-06-19","long-tail intent","S9 Game Login and OTP Recovery","blog/s9-game-login-support-2026-06-19/","intent"
"serp-intent","SERP intent page","s9 game login","blog/s9-game-login-support-2026-06-19/","login"
"serp-intent","SERP intent page","s9 game login","blog/s9-game-login-support-2026-06-20/","login"
"serp-intent","SERP intent page","s9 game login","blog/s9-game-login-support-2026-06-24/","login"
"serp-intent","SERP intent page","s9 game login","blog/s9-game-login-support-2026-06-26/","login"
"competitor-response","Competitor gap response","s9 game login OTP not received","blog/login-otp-competitor-gap-2026-06-28/","login-otp"
"ranking-push","Competitor gap depth page","s9 OTP not received login Pakistan","blog/s9-otp-not-received-login-2026-06-29/","otp-login"
"ranking-push","Competitor gap depth page","s9 password reset OTP limit Pakistan","blog/s9-password-reset-otp-limit-2026-06-30/","password-reset-otp-limit"
"ranking-push","Competitor gap depth page","s9 number already registered Pakistan","blog/s9-number-already-registered-2026-07-01/","number-already-registered"
"ranking-push","Competitor gap depth page","s9 OTP not received after register Pakistan","blog/s9-otp-not-received-after-register-2026-07-02/","otp-after-register"
"ranking-push","Competitor gap depth page","s9 OTP not received after register Pakistan","blog/s9-otp-not-received-after-register-2026-07-03/","otp-after-register"
"ranking-push","Competitor intent depth","s9 game login","blog/s9-game-login-register-recovery-2026-07-03/","s9-game-login-register-recovery"
"ranking-push","Competitor intent depth","s9 game login","blog/s9-register-login-indexing-check-2026-07-04/","s9-game-login-register-recovery"
"ranking-push","Competitor intent depth","s9 game login","blog/s9-otp-not-received-login-recovery-2026-07-05/","s9-game-login-register-recovery"
"ranking-push","Competitor intent depth","s9 game login","blog/s9-otp-not-received-login-recovery-2026-07-07/","s9-game-login-register-recovery"
"ranking-push","Competitor intent depth","s9 game login","blog/s9-phone-number-already-used-register-fix-2026-07-09/","s9-game-login-register-recovery"
"ranking-push","Competitor intent depth","s9 game login","blog/s9-phone-number-already-used-register-fix-2026-07-10/","s9-game-login-register-recovery"
"ranking-push","Competitor intent depth","s9 game login","blog/s9-phone-number-already-used-register-fix-2026-07-11/","s9-game-login-register-recovery"
"14","weekly update","s9 game login register OTP","updates/week-14-otp-login-failure-routing/","Freshness and troubleshooting alignment"

